الرقم,الكود,الوصف,الكمية,الوحدة,سعر الوحدة,الإجمالي,نوع العمل,معدل الإنتاجية,المدة المقدرة
1,الموقع العام اعمال حفر,"اعمال اعتيادية مباني معمارية 1",26000,م2,50,1300000,أعمال المباني,15,1734
2,الموقع العام اعمال مدقات,"اعمال اعتيادية مباني معمارية 2",8500,م2,60,510000,أعمال المباني,15,567
3,الموقع العام تركيب سور خارجي,"اعمال اعتيادية مباني معمارية 3",180,مط,1300,234000,أعمال المباني,10,18
4,الموقع العام تركيب سياج,"اعمال اعتيادية مباني معمارية 4",700,مط,210,147000,أعمال المباني,10,70
5,الموقع العام تركيب بوابه رئيسية,"اعمال اعتيادية مباني معمارية 5",2,عدد,4200,8400,أعمال المباني,10,1
6,الموقع العام تركيب بوابه خروج,"اعمال اعتيادية مباني معمارية 6",1,عدد,4200,4200,أعمال المباني,10,1
7,الموقع العام تركيب لوحة ارشادية,"اعمال اعتيادية مباني معمارية 7",1,عدد,12600,12600,أعمال المباني,10,1
8,الموقع العام تركيب ذراع تحكم,"اعمال اعتيادية مباني معمارية 8",3,عدد,12600,37800,أعمال المباني,10,1
9,الموقع العام تركيب مظلات للسيارات,"اعمال اعتيادية مباني معمارية 9",175,م2,200,35000,أعمال المباني,15,12
10,غرف الكهرباء أعمال دهان ايبوكسى,"اعمال اعتيادية مباني معمارية 10",95,م2,90,8550,أعمال المباني,15,7
11,مغطس,"اعمال اعتيادية مباني معمارية 11",1,عدد,87500,87500,أعمال المباني,10,1
12,غرف الكهرباء أعمال خرسانية بلوك 20سم خارجي,"اعمال اعتيادية مباني معمارية 12",178,م2,70,12460,أعمال المباني,15,12
13,غرف الكهرباء أعمال خرسانية بلوك 20سم داخلي,"اعمال اعتيادية مباني معمارية 13",80,م2,60,4800,أعمال المباني,15,6
14,غرف الكهرباء أعمال خرسانة خفيفة,"اعمال اعتيادية مباني معمارية 14",100,م2,40,4000,أعمال المباني,15,7
15,غرف الكهرباء أعمال دهان بيتومين ساخن,"اعمال اعتيادية مباني معمارية 15",110,م2,25,2750,أعمال المباني,15,8
16,غرف الكهرباء أعمال شرائح بيتومين مقوى,"اعمال اعتيادية مباني معمارية 16",110,م2,60,6600,أعمال المباني,15,8
17,غرف الكهرباء أعمال عزل,"اعمال اعتيادية مباني معمارية 17",100,م2,40,4000,أعمال المباني,15,7
18,غرف الكهرباء تركيب شرائح البوليثيلين,"اعمال اعتيادية مباني معمارية 18",110,م2,10,1100,أعمال المباني,15,8
19,غرف الكهرباء تركيب بلاط موزايكو,"اعمال اعتيادية مباني معمارية 19",100,م2,60,6000,أعمال المباني,15,7
20,غرف الكهرباء أعمال لياسة للحوائط الداخلية,"اعمال اعتيادية مباني معمارية 20",400,م2,50,20000,أعمال المباني,15,27
21,غرف الكهرباء أعمال لياسة للحوائط الخارجية,"اعمال اعتيادية مباني معمارية 21",275,م2,50,13750,أعمال المباني,15,19
22,غرف الكهرباء أعمال دهان رشة امريكية,"اعمال اعتيادية مباني معمارية 22",365,م2,35,12775,أعمال المباني,15,25
23,غرف الكهرباء أعمال دهانات بروفايل,"اعمال اعتيادية مباني معمارية 23",35,م2,50,1750,أعمال المباني,15,3
24,غرف الكهرباء باب حديد ب1,"اعمال اعتيادية مباني معمارية 24",4,عدد,3150,12600,أعمال المباني,10,1
25,غرف الكهرباء شباك الومنيوم ش1,"اعمال اعتيادية مباني معمارية 25",2,عدد,3360,6720,أعمال المباني,10,1
26,غرف الكهرباء شباك الومنيوم ش2,"اعمال اعتيادية مباني معمارية 26",1,عدد,60000,60000,أعمال المباني,10,1
27,غرفة المضخات مبانى من البلوك 30 سم حاوئط خارجية,"اعمال اعتيادية مباني معمارية 27",100,م2,105,10500,أعمال المباني,15,7
28,غرفة المضخات نظام تغطيةالأسطح,"اعمال اعتيادية مباني معمارية 28",40,م2,130,5200,أعمال المباني,15,3
29,غرفة المضخات ابواب معدنية ب2,"اعمال اعتيادية مباني معمارية 29",1,عدد,4000,4000,أعمال المباني,10,1
30,غرفة مضخات أعمال دهانات بروفايل,"اعمال اعتيادية مباني معمارية 30",160,م2,45,7200,أعمال المباني,15,11
31,غرفة الحراسة أعمال خرسانية بلوك 30 سم حوائط خارجية,"اعمال اعتيادية مباني معمارية 31",70,م2,100,7000,أعمال المباني,15,5
32,غرفة الحراسة أعمال خرسانية بلوك 10 سم حوائط داخلية,"اعمال اعتيادية مباني معمارية 32",12,م2,50,600,أعمال المباني,15,1
33,غرفة الحراسة أعمال لياسة للحوائط الداخلية,"اعمال اعتيادية مباني معمارية 33",140,م2,45,6300,أعمال المباني,15,10
34,غرفة الحراسة أعمال لياسة للحوائط الخارجية,"اعمال اعتيادية مباني معمارية 34",75,م2,45,3375,أعمال المباني,15,5
35,غرفة الحراسة أعمال دهانات داخلية,"اعمال اعتيادية مباني معمارية 35",75,م2,35,2625,أعمال المباني,15,5
36,غرفة الحراسة أعمال دهانات رشة امريكية,"اعمال اعتيادية مباني معمارية 36",17,م2,45,765,أعمال المباني,15,2
37,غرفة الحراسة أعمال دهانات بروفايل,"اعمال اعتيادية مباني معمارية 37",140,م2,45,6300,أعمال المباني,15,10
38,غرفة الحراسة أعمال دهانات للتغطية المعدنية,"اعمال اعتيادية مباني معمارية 38",225,م2,45,10125,أعمال المباني,15,15
39,غرفة الحراسة تركيب سفل جرانيت,"اعمال اعتيادية مباني معمارية 39",20,مط,250,5000,أعمال المباني,10,2
40,غرفة الحراسة تركيب بلاط بورسيلان,"اعمال اعتيادية مباني معمارية 40",16,م2,70,1120,أعمال المباني,15,2
41,غرفة الحراسة تركيب بلاط سيراميك,"اعمال اعتيادية مباني معمارية 41",3,م2,70,210,أعمال المباني,15,1
42,غرفة الحراسة تركيب حوائط سيراميك,"اعمال اعتيادية مباني معمارية 42",23,م2,70,1610,أعمال المباني,15,2
43,غرفة الحراسة أعمال خرسانه خفيفة,"اعمال اعتيادية مباني معمارية 43",20,م2,35,700,أعمال المباني,15,2
44,غرفة الحراسة أعمال دهان بيتومين,"اعمال اعتيادية مباني معمارية 44",20,م2,25,500,أعمال المباني,15,2
45,غرفة الحراسة تركيب شرائح بيتومين مقوى,"اعمال اعتيادية مباني معمارية 45",20,م2,50,1000,أعمال المباني,15,2
46,غرفة الحراسة أعمال عزل,"اعمال اعتيادية مباني معمارية 46",20,م2,40,800,أعمال المباني,15,2
47,غرفة الحراسة تركيب شرائح بوليثيلين,"اعمال اعتيادية مباني معمارية 47",20,م2,7,140,أعمال المباني,15,2
48,غرفة الحراسة أعمال عزل للرطوبة,"اعمال اعتيادية مباني معمارية 48",20,م2,105,2100,أعمال المباني,15,2
49,غرفة الحراسة تركيب بلاط موزايكو,"اعمال اعتيادية مباني معمارية 49",20,م2,70,1400,أعمال المباني,15,2
50,غرفة الحراسة باب خشب ب1,"اعمال اعتيادية مباني معمارية 50",1,عدد,3150,3150,أعمال المباني,10,1
51,غرفة الحراسة ابواب ب2,"اعمال اعتيادية مباني معمارية 51",1,عدد,2380,2380,أعمال المباني,10,1
52,غرفة الحراسة شباك الومنيوم ش2,"اعمال اعتيادية مباني معمارية 52",2,عدد,1890,3780,أعمال المباني,10,1
53,سكن العمال أعمال خرسانية بلوك 30 سم حوائط خارجية,"اعمال اعتيادية مباني معمارية 53",300,م2,105,31500,أعمال المباني,15,20
54,سكن العمال أعمال خرسانية بلوك 20 سم حوائط داخلية,"اعمال اعتيادية مباني معمارية 54",195,م2,55,10725,أعمال المباني,15,13
55,سكن العمال أعمال خرسانية بلوك 10 سم حوائط داخلية,"اعمال اعتيادية مباني معمارية 55",65,م2,60,3900,أعمال المباني,15,5
56,سكن العمال أعمال خرسانية بلوك 10 سم حوائط خارجية,"اعمال اعتيادية مباني معمارية 56",30,م2,60,1800,أعمال المباني,15,2
57,سكن العمال أعمال لياسة للحوائط الخارجية,"اعمال اعتيادية مباني معمارية 57",615,م2,45,27675,أعمال المباني,15,41
58,سكن العمال أعمال لياسة للحوائط الداخلية,"اعمال اعتيادية مباني معمارية 58",950,م2,45,42750,أعمال المباني,15,64
59,سكن العمال أعمال دهانات للجدران الداخلية,"اعمال اعتيادية مباني معمارية 59",825,م2,40,33000,أعمال المباني,15,55
60,سكن العمال أعمال دهان رشة امريكية,"اعمال اعتيادية مباني معمارية 60",100,م2,50,5000,أعمال المباني,15,7
61,سكن العمال أعمال دهانات بروفايل,"اعمال اعتيادية مباني معمارية 61",460,م2,50,23000,أعمال المباني,15,31
62,سكن العمال تركيب سفل جرانيت,"اعمال اعتيادية مباني معمارية 62",75,مط,250,18750,أعمال المباني,10,8
63,سكن العمال تركيب درج خارجى وداخلى,"اعمال اعتيادية مباني معمارية 63",55,مط,280,15400,أعمال المباني,10,6
64,سكن العمال تركيب وزرة رخام,"اعمال اعتيادية مباني معمارية 64",25,مط,60,1500,أعمال المباني,10,3
65,سكن العمال تركيب رخام,"اعمال اعتيادية مباني معمارية 65",23,م2,280,6440,أعمال المباني,15,2
66,سكن العمال تركيب بلاط بورسيلان,"اعمال اعتيادية مباني معمارية 66",195,م2,70,13650,أعمال المباني,15,13
67,سكن العمال تركيب سيراميك,"اعمال اعتيادية مباني معمارية 67",115,م2,70,8050,أعمال المباني,15,8
68,سكن العمال تركيب حوائط سيراميك,"اعمال اعتيادية مباني معمارية 68",330,م2,70,23100,أعمال المباني,15,22
69,سكن العمال أعمال خرسانة خفيفة,"اعمال اعتيادية مباني معمارية 69",195,م2,40,7800,أعمال المباني,15,13
70,سكن العمال أعمال دهان بيتومين,"اعمال اعتيادية مباني معمارية 70",195,م2,25,4875,أعمال المباني,15,13
71,سكن العمال تركيب شرائح بيتومين,"اعمال اعتيادية مباني معمارية 71",195,م2,60,11700,أعمال المباني,15,13
72,سكن العمال أعمال عزل,"اعمال اعتيادية مباني معمارية 72",195,م2,40,7800,أعمال المباني,15,13
73,سكن العمال تركيب شرائح بوليثيلين,"اعمال اعتيادية مباني معمارية 73",195,م2,7,1365,أعمال المباني,15,13
74,سكن العمال أعمال عزل للرطوبة,"اعمال اعتيادية مباني معمارية 74",60,م2,105,6300,أعمال المباني,15,4
75,سكن العمال تركيب بلاط موزايكو,"اعمال اعتيادية مباني معمارية 75",195,م2,70,13650,أعمال المباني,15,13
76,سكن العمال تركيب سلم بحارى,"اعمال اعتيادية مباني معمارية 76",7,مط,280,1960,أعمال المباني,10,1
77,سكن العمال باب حديد ب,"اعمال اعتيادية مباني معمارية 77",1,عدد,3150,3150,أعمال المباني,10,1
78,سكن العمال باب خشب ب2,"اعمال اعتيادية مباني معمارية 78",6,عدد,3150,18900,أعمال المباني,10,1
79,سكن العمال ابواب مقاومة للماء ب3,"اعمال اعتيادية مباني معمارية 79",4,عدد,2380,9520,أعمال المباني,10,1
80,سكن العمال ابواب مقاومة للماء ب 4,"اعمال اعتيادية مباني معمارية 80",6,عدد,2380,14280,أعمال المباني,10,1
81,سكن العمال ابواب حديدية مجلفنة مقاومة للحريق ب 4,"اعمال اعتيادية مباني معمارية 81",2,عدد,3150,6300,أعمال المباني,10,1
82,سكن العمال شباك الومنيوم ش1,"اعمال اعتيادية مباني معمارية 82",13,عدد,1330,17290,أعمال المباني,10,2
83,سكن العمال شباك الومنيوم ش2,"اعمال اعتيادية مباني معمارية 83",6,عدد,1190,7140,أعمال المباني,10,1
84,سكن العمال شباك الومنيوم ش3,"اعمال اعتيادية مباني معمارية 84",2,عدد,840,1680,أعمال المباني,10,1
85,سكن العمال شباك الومنيوم ش4,"اعمال اعتيادية مباني معمارية 85",2,عدد,840,1680,أعمال المباني,10,1
86,سكن العمال تركيب دواليب علوية,"اعمال اعتيادية مباني معمارية 86",7,مط,1680,11760,أعمال المباني,10,1
87,سكن العمال تركيب دواليب سفلية,"اعمال اعتيادية مباني معمارية 87",12,مط,1680,20160,أعمال المباني,10,2
88,مبنى العيادة أعمال خرسانية بلوك 30 سم حوائط خارجية,"اعمال اعتيادية مباني معمارية 88",70,م2,105,7350,أعمال المباني,15,5
89,مبنى العيادة أعمال خرسانية بلوك 10 سم حوائط داخلية,"اعمال اعتيادية مباني معمارية 89",12,م2,60,720,أعمال المباني,15,1
90,مبنى العيادة أعمال لياسة للحوائط الداخلية,"اعمال اعتيادية مباني معمارية 90",140,م2,50,7000,أعمال المباني,15,10
91,مبنى العيادة أعمال لياسة للحوائط الخارجية,"اعمال اعتيادية مباني معمارية 91",75,م2,50,3750,أعمال المباني,15,5
92,مبنى العيادة أعمال دهانات داخلية,"اعمال اعتيادية مباني معمارية 92",75,م2,40,3000,أعمال المباني,15,5
93,مبنى العيادة أعمال دهانات رشة امريكية,"اعمال اعتيادية مباني معمارية 93",17,م2,50,850,أعمال المباني,15,2
94,مبنى العيادة أعمال دهانات بروفايل,"اعمال اعتيادية مباني معمارية 94",140,م2,50,7000,أعمال المباني,15,10
95,مبنى العيادة أعمال دهانات للتغطية المعدنية,"اعمال اعتيادية مباني معمارية 95",225,م2,50,11250,أعمال المباني,15,15
96,مبنى العيادة تركيب سفل جرانيت,"اعمال اعتيادية مباني معمارية 96",20,مط,250,5000,أعمال المباني,10,2
97,مبنى العيادة تركيب بلاط بورسيلان,"اعمال اعتيادية مباني معمارية 97",16,م2,70,1120,أعمال المباني,15,2
98,مبنى العيادة تركيب بلاط سيراميك,"اعمال اعتيادية مباني معمارية 98",3,م2,70,210,أعمال المباني,15,1
99,مبنى العيادة تركيب سيراميك للحوائط,"اعمال اعتيادية مباني معمارية 99",23,م2,70,1610,أعمال المباني,15,2
100,مبنى العيادة أعمال خرسانه خفيفة,"اعمال اعتيادية مباني معمارية 100",20,م2,35,700,أعمال المباني,15,2
101,مبنى العيادة أعمال دهان بيتومين,"اعمال اعتيادية مباني معمارية 101",20,م2,25,500,أعمال المباني,15,2
102,مبنى العيادة تركيب شرائح بيتومين مقوى,"اعمال اعتيادية مباني معمارية 102",20,م2,60,1200,أعمال المباني,15,2
103,مبنى العيادة أعمال عزل,"اعمال اعتيادية مباني معمارية 103",20,م2,40,800,أعمال المباني,15,2
104,مبنى العيادة تركيب شرائح بوليثيلين,"اعمال اعتيادية مباني معمارية 104",20,م2,7,140,أعمال المباني,15,2
105,مبنى العيادة أعمال عزل للرطوبة,"اعمال اعتيادية مباني معمارية 105",20,م2,110,2200,أعمال المباني,15,2
106,مبنى العيادة تركيب بلاط موزايكو,"اعمال اعتيادية مباني معمارية 106",20,م2,50,1000,أعمال المباني,15,2
107,مبنى العيادة باب خشب ب1,"اعمال اعتيادية مباني معمارية 107",1,عدد,3150,3150,أعمال المباني,10,1
108,مبنى العيادة ابواب ب2,"اعمال اعتيادية مباني معمارية 108",1,عدد,2380,2380,أعمال المباني,10,1
109,مبنى العيادة شباك الومنيوم ش2,"اعمال اعتيادية مباني معمارية 109",2,عدد,1900,3800,أعمال المباني,10,1
110,مخزن الاعلاف أعمال دهانات إيبوكسيه أ,"اعمال اعتيادية مباني معمارية 110",1950,م2,70,136500,أعمال المباني,15,130
111,مخزن الاعلاف أعمال خرسانية بلوكات 300 مم,"اعمال اعتيادية مباني معمارية 111",1180,م2,105,123900,أعمال المباني,15,79
112,مخزن الاعلاف أعمال دهانات بلاستيك للحوائط الداخليه,"اعمال اعتيادية مباني معمارية 112",4720,م2,80,377600,أعمال المباني,15,315
113,مخزن الاعلاف أعمال دهانات إيبوكسيه ب,"اعمال اعتيادية مباني معمارية 113",1950,م2,70,136500,أعمال المباني,15,130
114,مخزن الاعلاف تركيب أبواب معدنيه منزلقه,"اعمال اعتيادية مباني معمارية 114",6,عدد,3500,21000,أعمال المباني,10,1
115,بيت شعر,"اعمال اعتيادية مباني معمارية 115",45,م2,2100,94500,أعمال المباني,15,3
116,الحظائر,"اعمال اعتيادية انشائي 1",22,عدد,42000,924000,أعمال أخرى,20,2
117,غرفه مولد الكهرباء اعمال الحفر,"اعمال اعتيادية انشائي 2",270,م3,50,13500,أعمال أخرى,20,14
118,غرفه مولد الكهرباء اعمال الردم,"اعمال اعتيادية انشائي 3",210,م3,60,12600,أعمال أخرى,20,11
119,غرفه مولد الكهرباء أعمال خرسانة عادية,"اعمال اعتيادية انشائي 4",54,م2,300,16200,أعمال أخرى,20,3
120,غرفه مولد الكهرباء أعمال خرسانة مسلحة للقواعد,"اعمال اعتيادية انشائي 5",27,م3,1300,35100,أعمال أخرى,20,2
121,غرفه مولد الكهرباء أعمال خرسانة مسلحة للميدات,"اعمال اعتيادية انشائي 6",9,م3,1300,11700,أعمال أخرى,20,1
122,غرفه مولد الكهرباء أعمال خرسانة مسلحة لرقابى الاعمدة,"اعمال اعتيادية انشائي 7",1,م3,1300,1300,أعمال أخرى,20,1
123,غرفه مولد الكهرباء تركيب بلاطة ارضية,"اعمال اعتيادية انشائي 8",110,م2,400,44000,أعمال أخرى,20,6
124,غرفه مولد الكهرباء أعمال خرسانة مسلحة للاعمدة,"اعمال اعتيادية انشائي 9",36,م3,1300,46800,أعمال أخرى,20,2
125,غرفه مولد الكهرباء أعمال خرسانة مسلحة للكمرات,"اعمال اعتيادية انشائي 10",8,م3,1300,10400,أعمال أخرى,20,1
126,غرفه مولد الكهرباء أعمال خرسانة مسلحة200مم,"اعمال اعتيادية انشائي 11",11,م3,1300,14300,أعمال أخرى,20,1
127,غرفه مولد الكهرباء أعمال خرسانة مسلحة160مم,"اعمال اعتيادية انشائي 12",7,م3,1300,9100,أعمال أخرى,20,1
128,غرفه مولد الكهرباء تركيب غشاء بولى اثيلين,"اعمال اعتيادية انشائي 13",110,م2,40,4400,أعمال أخرى,20,6
129,غرفه مولد الكهرباء تركيب غشاء بيتومينى,"اعمال اعتيادية انشائي 14",110,م2,60,6600,أعمال أخرى,20,6
130,غرفه مولد الكهرباء أعمال طلاء بيتومينى,"اعمال اعتيادية انشائي 15",100,م2,25,2500,أعمال أخرى,20,5
131,سكن العمال اعمال الحفر,"اعمال اعتيادية انشائي 16",140,م3,50,7000,أعمال أخرى,20,7
132,سكن العمال اعمال الردم,"اعمال اعتيادية انشائي 17",70,م3,60,4200,أعمال أخرى,20,4
133,سكن العمال أعمال خرسانة عادية,"اعمال اعتيادية انشائي 18",125,م2,300,37500,أعمال أخرى,20,7
134,سكن العمال أعمال خرسانة مسلحة للقواعد,"اعمال اعتيادية انشائي 19",65,م3,1300,84500,أعمال أخرى,20,4
135,سكن العمال أعمال خرسانة مسلحة للميدات,"اعمال اعتيادية انشائي 20",11,م3,1300,14300,أعمال أخرى,20,1
136,سكن العمال أعمال خرسانة مسلحة لرقابى الاعمدة,"اعمال اعتيادية انشائي 21",3,م3,1300,3900,أعمال أخرى,20,1
137,سكن العمال تركيب بلاطة 150ملم,"اعمال اعتيادية انشائي 22",260,م2,300,78000,أعمال أخرى,20,13
138,سكن العمال أعمال خرسانة مسلحة للاعمدة,"اعمال اعتيادية انشائي 23",13,م3,1300,16900,أعمال أخرى,20,1
139,سكن العمال أعمال خرسانة مسلحة للكمرات,"اعمال اعتيادية انشائي 24",24,م3,1300,31200,أعمال أخرى,20,2
140,سكن العمال أعمال خرسانة مسلحة160مم,"اعمال اعتيادية انشائي 25",17,م3,1300,22100,أعمال أخرى,20,1
141,سكن العمال أعمال خرسانة مسلحة240مم,"اعمال اعتيادية انشائي 26",32,م3,1300,41600,أعمال أخرى,20,2
142,سكن العمال تركيب غشاء بولى اثيلين,"اعمال اعتيادية انشائي 27",260,م2,40,10400,أعمال أخرى,20,13
143,سكن العمال تركيب غشاء بيتومينى,"اعمال اعتيادية انشائي 28",260,م2,60,15600,أعمال أخرى,20,13
144,سكن العمال أعمال طلاء بيتومينى,"اعمال اعتيادية انشائي 29",320,م2,30,9600,أعمال أخرى,20,16
145,غرفة الحراسة اعمال الحفر,"اعمال اعتيادية انشائي 30",100,م3,50,5000,أعمال أخرى,20,5
146,غرفة الحراسة اعمال الردم,"اعمال اعتيادية انشائي 31",65,م3,60,3900,أعمال أخرى,20,4
147,غرفة الحراسة أعمال خرسانة عادية,"اعمال اعتيادية انشائي 32",30,م2,300,9000,أعمال أخرى,20,2
148,غرفة الحراسة أعمال خرسانة مسلحة للقواعد,"اعمال اعتيادية انشائي 33",30,م3,1300,39000,أعمال أخرى,20,2
149,غرفة الحراسة أعمال خرسانة مسلحة للميدات,"اعمال اعتيادية انشائي 34",6,م3,1300,7800,أعمال أخرى,20,1
150,غرفة الحراسة أعمال خرسانة مسلحة لرقابى الاعمدة,"اعمال اعتيادية انشائي 35",25,م3,1300,32500,أعمال أخرى,20,2
151,غرفة الحراسة تركيب بلاطة ارضية,"اعمال اعتيادية انشائي 36",72,م2,300,21600,أعمال أخرى,20,4
152,غرفة الحراسة أعمال خرسانة مسلحة للاعمدة,"اعمال اعتيادية انشائي 37",13,م3,1300,16900,أعمال أخرى,20,1
153,غرفة الحراسة أعمال خرسانة مسلحة للكمرات,"اعمال اعتيادية انشائي 38",6,م3,1300,7800,أعمال أخرى,20,1
154,غرفة الحراسة أعمال خرسانة مسلحة 200 مم,"اعمال اعتيادية انشائي 39",15,م3,1300,19500,أعمال أخرى,20,1
155,غرفة الحراسة تركيب غشاء بولى اثيلين,"اعمال اعتيادية انشائي 40",72,م2,40,2880,أعمال أخرى,20,4
156,غرفة الحراسة تركيب غشاء بيوتمينى,"اعمال اعتيادية انشائي 41",72,م2,60,4320,أعمال أخرى,20,4
157,غرفة الحراسة أعمال طلاء بيتومينى,"اعمال اعتيادية انشائي 42",200,م2,25,5000,أعمال أخرى,20,10
158,خزان الوقود اعمال الحفر,"اعمال اعتيادية انشائي 43",90,م3,50,4500,أعمال أخرى,20,5
159,خزان الوقود اعمال الردم,"اعمال اعتيادية انشائي 44",30,م3,60,1800,أعمال أخرى,20,2
160,خزان الوقود أعمال خرسانة عادية,"اعمال اعتيادية انشائي 45",20,م2,300,6000,أعمال أخرى,20,1
161,خزان الوقود أعمال خرسانة مسلحة للقواعد,"اعمال اعتيادية انشائي 46",10,م3,1300,13000,أعمال أخرى,20,1
162,خزان الوقود أعمال خرسانة مسلحة للاعمدة,"اعمال اعتيادية انشائي 47",15,م3,1300,19500,أعمال أخرى,20,1
163,خزان الوقود أعمال خرسانة مسلحة للكمرات,"اعمال اعتيادية انشائي 48",6,م3,1300,7800,أعمال أخرى,20,1
164,خزان الوقود تركيب بلاطة,"اعمال اعتيادية انشائي 49",15,م2,300,4500,أعمال أخرى,20,1
165,خزان الوقود تركيب غشاء بولى اثيلين,"اعمال اعتيادية انشائي 50",20,م2,40,800,أعمال أخرى,20,1
166,خزان الوقود تركيب غشاء بيتومبنى,"اعمال اعتيادية انشائي 51",20,م2,60,1200,أعمال أخرى,20,1
167,خزان الوقود أعمال طلاء بيتومبنى,"اعمال اعتيادية انشائي 52",80,م2,30,2400,أعمال أخرى,20,4
168,خزان الصرف الصحي اعمال الحفر,"اعمال اعتيادية انشائي 53",280,م3,50,14000,أعمال أخرى,20,14
169,خزان الصرف الصحي اعمال الردم,"اعمال اعتيادية انشائي 54",67,م3,60,4020,أعمال أخرى,20,4
170,خزان الصرف الصحي أعمال خرسانة عادية,"اعمال اعتيادية انشائي 55",43,م2,1300,55900,أعمال أخرى,20,3
171,خزان الصرف الصحي أعمال خرسانة مسلحة للقواعد,"اعمال اعتيادية انشائي 56",22,م3,1300,28600,أعمال أخرى,20,2
172,خزان الصرف الصحي أعمال خرسانة مسلحة للاعمدة,"اعمال اعتيادية انشائي 57",106,م3,1300,137800,أعمال أخرى,20,6
173,خزان الصرف الصحي أعمال خرسانة مسلحة للبلاطات المصمته,"اعمال اعتيادية انشائي 58",11,م3,1300,14300,أعمال أخرى,20,1
174,خزان الصرف تركيب غشاء بولى اثيلين,"اعمال اعتيادية انشائي 59",43,م2,40,1720,أعمال أخرى,20,3
175,خزان الصرف تركيب غشاء بيتومينى,"اعمال اعتيادية انشائي 60",43,م2,60,2580,أعمال أخرى,20,3
176,خزان الصرف أعمال طلاء بيتومينى,"اعمال اعتيادية انشائي 61",160,م2,25,4000,أعمال أخرى,20,8
177,خزان مياه اعمال الحفر,"اعمال اعتيادية انشائي 62",1450,م3,50,72500,أعمال أخرى,20,73
178,خزان مياه اعمال الردم,"اعمال اعتيادية انشائي 63",400,م3,60,24000,أعمال أخرى,20,20
179,خزان مياه أعمال خرسانة عادية,"اعمال اعتيادية انشائي 64",210,م2,300,63000,أعمال أخرى,20,11
180,خزان مياه أعمال خرسانة مسلحة للقواعد,"اعمال اعتيادية انشائي 65",126,م3,1300,163800,أعمال أخرى,20,7
181,خزان مياه أعمال خرسانة مسلحة للاعمدة,"اعمال اعتيادية انشائي 66",270,م3,1300,351000,أعمال أخرى,20,14
182,خزان مياه أعمال خرسانة مسلحة للكمرات,"اعمال اعتيادية انشائي 67",9,م3,1300,11700,أعمال أخرى,20,1
183,خزان مياه أعمال خرسانة مسلحة للبلاطات المصمتة,"اعمال اعتيادية انشائي 68",55,م3,1300,71500,أعمال أخرى,20,3
184,خزان مياه تركيب غشاء بولي اثيلين,"اعمال اعتيادية انشائي 69",210,م2,40,8400,أعمال أخرى,20,11
185,خزان مياه تركيب غشاء بيتومينى,"اعمال اعتيادية انشائي 70",210,م2,60,12600,أعمال أخرى,20,11
186,خزان مياه أعمال طلاء بيتومينى,"اعمال اعتيادية انشائي 71",510,م2,30,15300,أعمال أخرى,20,26
187,مبنى العيادة اعمال الحفر,"اعمال اعتيادية انشائي 72",40,م3,50,2000,أعمال أخرى,20,2
188,مبنى العيادة اعمال الردم,"اعمال اعتيادية انشائي 73",30,م3,60,1800,أعمال أخرى,20,2
189,مبنى العيادة أعمال خرسانة عادية,"اعمال اعتيادية انشائي 74",15,م2,300,4500,أعمال أخرى,20,1
190,مبنى العيادة أعمال خرسانة مسلحة للقواعد,"اعمال اعتيادية انشائي 75",5,م3,1300,6500,أعمال أخرى,20,1
191,مبنى العيادة اعمال خرسانة مسلحة للميدات,"اعمال اعتيادية انشائي 76",2,م3,1300,2600,أعمال أخرى,20,1
192,مبنى العيادة أعمال خرسانة مسلحة لرقابى الاعمدة,"اعمال اعتيادية انشائي 77",1,م3,1300,1300,أعمال أخرى,20,1
193,مبنى العيادة تركيب بلاطة ارضية 150 مم,"اعمال اعتيادية انشائي 78",21,م2,300,6300,أعمال أخرى,20,2
194,مبنى العيادة تركيب خرسانة مسلحة للاعمدة,"اعمال اعتيادية انشائي 79",2,م3,1300,2600,أعمال أخرى,20,1
195,مبنى العيادة تركيب خرسانة مسلحة للكمرات,"اعمال اعتيادية انشائي 80",4,م3,1300,5200,أعمال أخرى,20,1
196,مبنى العيادة تركيب خرسانة مسلحة 200 مم,"اعمال اعتيادية انشائي 81",5,م3,1300,6500,أعمال أخرى,20,1
197,مبنى العيادة تركيب غشاء بولى اثيلين,"اعمال اعتيادية انشائي 82",30,م2,40,1200,أعمال أخرى,20,2
198,مبنى العيادة تركيب غشاء بيوتمينى,"اعمال اعتيادية انشائي 83",30,م2,60,1800,أعمال أخرى,20,2
199,مبنى العيادة أعمال طلاء بيتومينى,"اعمال اعتيادية انشائي 84",50,م2,30,1500,أعمال أخرى,20,3
200,مبنى مستودع الاعلاف أعمال حفر,"اعمال اعتيادية انشائي 85",1260,م3,50,63000,أعمال أخرى,20,63
201,مبنى مستودع الاعلاف أعمال ردم,"اعمال اعتيادية انشائي 86",827,م3,60,49620,أعمال أخرى,20,42
202,مبنى مستودع الاعلاف أعمال خرسانة عادية,"اعمال اعتيادية انشائي 87",225,م2,300,67500,أعمال أخرى,20,12
203,مبنى مستودع الاعلاف أعمال خرسانة ملساء,"اعمال اعتيادية انشائي 88",186,م3,1300,241800,أعمال أخرى,20,10
204,مبنى مستودع الاعلاف أعمال خرسانة غير ملساء,"اعمال اعتيادية انشائي 89",22,م3,1300,28600,أعمال أخرى,20,2
205,مبنى مستودع الاعلاف تركيب بلاطة ارضية,"اعمال اعتيادية انشائي 90",19,م2,300,5700,أعمال أخرى,20,1
206,مبنى مستودع الاعلاف أعمال خرسانية لعنق الأعمدة,"اعمال اعتيادية انشائي 91",19,م3,1300,24700,أعمال أخرى,20,1
207,مبنى مستودع الاعلاف اوزان العناصر المعدنية,"اعمال اعتيادية انشائي 92",60,طن,7000,420000,أعمال أخرى,20,3
208,مبنى مستودع الاعلاف تركيب غشاء بولي اثيلين,"اعمال اعتيادية انشائي 93",225,م2,40,9000,أعمال أخرى,20,12
209,مبنى مستودع الاعلاف تحضير السطوح,"اعمال اعتيادية انشائي 94",1900,م2,40,76000,أعمال أخرى,20,95
210,مبنى مستودع الاعلاف أعمال طلاء بيتومين,"اعمال اعتيادية انشائي 95",710,م2,30,21300,أعمال أخرى,20,36
211,الموقع العام تركيب انابيب بلاستيك 75 مم,"أعمال ميكانيك 1",15,مط,120,1800,أعمال أخرى,20,1
212,الموقع العام تركيب انابيب بلاستيك 110 مم,"أعمال ميكانيك 2",130,مط,170,22100,أعمال أخرى,20,7
213,الموقع العام تركيب انابيب بلاستيك 160 مم,"أعمال ميكانيك 3",150,مط,250,37500,أعمال أخرى,20,8
214,الموقع العام تركيب انابيب بلاستيك 200 مم,"أعمال ميكانيك 4",60,مط,300,18000,أعمال أخرى,20,3
215,الموقع العام تركيب غرف تفتيش 6م,"أعمال ميكانيك 5",8,عدد,2500,20000,أعمال أخرى,20,1
216,الموقع العام تركيب غرف تفتيش 8م,"أعمال ميكانيك 6",3,عدد,9000,27000,أعمال أخرى,20,1
217,الموقع العام تركيب طبقة ايبوكسى,"أعمال ميكانيك 7",3,عدد,2500,7500,أعمال أخرى,20,1
218,الموقع العام تركيب جاليتراب,"أعمال ميكانيك 8",6,عدد,400,2400,أعمال أخرى,20,1
219,الموقع العام مواسير بلاستيك 25 مم,"أعمال ميكانيك 9",10,مط,40,400,أعمال أخرى,20,1
220,الموقع العام مواسير بلاستيك 32 مم,"أعمال ميكانيك 10",25,مط,50,1250,أعمال أخرى,20,2
221,الموقع العام مواسير بلاستيك 40 مم,"أعمال ميكانيك 11",5,مط,60,300,أعمال أخرى,20,1
222,الموقع العام مواسير بلاستيك 50 مم,"أعمال ميكانيك 12",90,مط,70,6300,أعمال أخرى,20,5
223,الموقع العام مواسير بلاستيك 63 مم,"أعمال ميكانيك 13",10,مط,100,1000,أعمال أخرى,20,1
224,الموقع العام مواسير بلاستيك 75 مم,"أعمال ميكانيك 14",120,مط,120,14400,أعمال أخرى,20,6
225,الموقع العام مواسير بلاستيك 110 مم,"أعمال ميكانيك 15",5,مط,160,800,أعمال أخرى,20,1
226,الموقع العام تركيب مضخات المياه,"أعمال ميكانيك 16",1,عدد,55000,55000,أعمال أخرى,20,1
227,الموقع العام تركيب مواسير بلاستيك عالى الكثافة 110مم,"أعمال ميكانيك 17",15,مط,160,2400,أعمال أخرى,20,1
228,الموقع العام تركيب مواسير بلاستيك عالى الكثافة 160مم,"أعمال ميكانيك 18",120,مط,250,30000,أعمال أخرى,20,6
229,تركيب عساكر حريق,"أعمال ميكانيك 19",4,عدد,6000,24000,أعمال أخرى,20,1
230,تركيب مضخات الحريق,"أعمال ميكانيك 20",1,عدد,75000,75000,أعمال أخرى,20,1
231,تركيب مواسير الحديد المجلفنة,"أعمال ميكانيك 21",50,مط,150,7500,أعمال أخرى,20,3
232,أعمال تمديدات صحية للخزان الارضى,"أعمال ميكانيك 22",10,مط,250,2500,أعمال أخرى,20,1
233,تركيب فتحات الدخول,"أعمال ميكانيك 23",2,عدد,2500,5000,أعمال أخرى,20,1
234,مبنى الحراسة تركيب ستارة من الهواء,"أعمال ميكانيك 24",3,عدد,9000,27000,أعمال أخرى,20,1
235,مبنى الحراسة تركيب وحدة تكيف,"أعمال ميكانيك 25",3,عدد,6000,18000,أعمال أخرى,20,1
236,مبنى الحراسة تركيب مغاسل,"أعمال ميكانيك 26",1,عدد,700,700,أعمال أخرى,20,1
237,مبنى الحراسة تركيب كرسي مرحاض افرنجى,"أعمال ميكانيك 27",1,عدد,700,700,أعمال أخرى,20,1
238,مبنى الحراسة تركيب حامل مناديل ورقية,"أعمال ميكانيك 28",1,عدد,250,250,أعمال أخرى,20,1
239,مبنى الحراسة تركيب انابيب بلاستيك 110مم,"أعمال ميكانيك 29",20,مط,160,3200,أعمال أخرى,20,1
240,مبنى الحراسة تركيب انابيب بلاستيك 75مم,"أعمال ميكانيك 30",15,مط,120,1800,أعمال أخرى,20,1
241,مبنى الحراسة تركيب انابيب بلاستيك 50مم,"أعمال ميكانيك 31",2,مط,70,140,أعمال أخرى,20,1
242,مبنى الحراسة تركيب انابيب بلاستيك 25مم,"أعمال ميكانيك 32",5,مط,40,200,أعمال أخرى,20,1
243,مبنى الحراسة تركيب صفيات مياه امطار,"أعمال ميكانيك 33",1,عدد,700,700,أعمال أخرى,20,1
244,مبنى الحراسة تركيب صفايات ارضية,"أعمال ميكانيك 34",1,عدد,400,400,أعمال أخرى,20,1
245,مبنى الحراسة تركيب طبات تسليك 75 مم,"أعمال ميكانيك 35",1,عدد,400,400,أعمال أخرى,20,1
246,مبنى الحراسة تركيب طبات تسليك 110 مم,"أعمال ميكانيك 36",1,عدد,400,400,أعمال أخرى,20,1
247,مبنى الحراسة تركيب انابيب بلاستيك 25 مم,"أعمال ميكانيك 37",15,مط,40,600,أعمال أخرى,20,1
248,مبنى الحراسة تركيب انابيب بلاستيك 20 مم,"أعمال ميكانيك 38",6,مط,40,240,أعمال أخرى,20,1
249,مبنى الحراسة تركيب سخان مياه كهربائى,"أعمال ميكانيك 39",1,عدد,600,600,أعمال أخرى,20,1
250,مبنى الحراسة تركيب خزان علوى,"أعمال ميكانيك 40",2,عدد,4000,8000,أعمال أخرى,20,1
251,مبنى الحراسة تركيب محابس,"أعمال ميكانيك 41",1,عدد,400,400,أعمال أخرى,20,1
252,مبنى الحراسة تركيب مانع للمطرقة المائية,"أعمال ميكانيك 42",2,عدد,400,800,أعمال أخرى,20,1
253,مبنى الحراسة اعمال مكافحة الحريق,"أعمال ميكانيك 43",1,عدد,900,900,أعمال أخرى,20,1
254,غرف الكهرباء تركيب مروحه شفط هواء 400 لتر,"أعمال ميكانيك 44",3,عدد,9000,27000,أعمال أخرى,20,1
255,غرف الكهرباء تركيب مروحه شفط هواء 1700 لتر,"أعمال ميكانيك 45",1,عدد,45000,45000,أعمال أخرى,20,1
256,غرف الكهرباء تركيب فتحات مصيدة الرمال,"أعمال ميكانيك 46",6,عدد,1800,10800,أعمال أخرى,20,1
257,غرف الكهرباء تركيب صفيات امياه امطار جرجورى,"أعمال ميكانيك 47",2,عدد,700,1400,أعمال أخرى,20,1
258,غرف الكهرباء تركيب شبكة مواسير 75مم,"أعمال ميكانيك 48",10,مط,120,1200,أعمال أخرى,20,1
259,غرف الكهرباء تركيب طفايات حريق CO2,"أعمال ميكانيك 49",4,عدد,900,3600,أعمال أخرى,20,1
260,غرف الكهرباء تركيب طفايات حريق CO2 50 كجم,"أعمال ميكانيك 50",1,عدد,60000,60000,أعمال أخرى,20,1
261,غرف الكهرباء تركيب طفايات حريق CO2 54 كجم,"أعمال ميكانيك 51",1,عدد,60000,60000,أعمال أخرى,20,1
262,غرف الكهرباء تركيب طفايات حريق CO2 40 كجم,"أعمال ميكانيك 52",1,عدد,45000,45000,أعمال أخرى,20,1
263,غرف الكهرباء تركيب طفايات حريق CO2 42 كجم,"أعمال ميكانيك 53",1,عدد,45000,45000,أعمال أخرى,20,1
264,غرف الكهرباء تركيب مروحة شفط هواء,"أعمال ميكانيك 54",1,عدد,11000,11000,أعمال أخرى,20,1
265,غرف الكهرباء تركيب صفيات مياه امطار جرجورى,"أعمال ميكانيك 55",2,عدد,700,1400,أعمال أخرى,20,1
266,غرف الكهرباء تركيب ترنش,"أعمال ميكانيك 56",20,مط,600,12000,أعمال أخرى,20,1
267,غرف الكهرباء تركيب طفايات حريق بودرة كميائية 6كجم,"أعمال ميكانيك 57",2,عدد,900,1800,أعمال أخرى,20,1
268,غرف الكهرباء طفايات حريق CO2 6كجم,"أعمال ميكانيك 58",2,عدد,900,1800,أعمال أخرى,20,1
269,سكن العاملين تركيب مكيف 18000 وحدة,"أعمال ميكانيك 59",2,عدد,6000,12000,أعمال أخرى,20,1
270,سكن العاملين تركيب مكيف 24000 وحدة,"أعمال ميكانيك 60",3,عدد,9000,27000,أعمال أخرى,20,1
271,سكن العاملين تركيب مكيف 30000وحدة,"أعمال ميكانيك 61",3,عدد,11000,33000,أعمال أخرى,20,1
272,سكن العاملين تركيب مروحة شفط هواء 5 لتر,"أعمال ميكانيك 62",6,عدد,4500,27000,أعمال أخرى,20,1
273,سكن العاملين تركيب مروحة شفط هواء 200 لتر,"أعمال ميكانيك 63",2,عدد,5000,10000,أعمال أخرى,20,1
274,سكن العاملين تركيب مغاسل,"أعمال ميكانيك 64",8,عدد,700,5600,أعمال أخرى,20,1
275,سكن العاملين تركيب كرسي مرحاض افرنجى,"أعمال ميكانيك 65",2,عدد,700,1400,أعمال أخرى,20,1
276,سكن العاملين مرحاض شرقى,"أعمال ميكانيك 66",4,عدد,700,2800,أعمال أخرى,20,1
277,سكن العاملين تركيب مغسلة اوانى للمطبخ,"أعمال ميكانيك 67",4,عدد,700,2800,أعمال أخرى,20,1
278,سكن العاملين تركيب مغسلة للملابس,"أعمال ميكانيك 68",8,عدد,700,5600,أعمال أخرى,20,1
279,سكن العاملين تركيب حوض شاور للحمام,"أعمال ميكانيك 69",4,عدد,700,2800,أعمال أخرى,20,1
280,سكن العاملين تركيب مجفف ايدي,"أعمال ميكانيك 70",4,عدد,700,2800,أعمال أخرى,20,1
281,سكن العاملين تركيب حامل مناديل ورقية,"أعمال ميكانيك 71",6,عدد,210,1260,أعمال أخرى,20,1
282,سكن العاملين تركيب صفاية ارضية 50 مم,"أعمال ميكانيك 72",3,عدد,350,1050,أعمال أخرى,20,1
283,سكن العاملين تركيب صفاية ارضية 75 مم,"أعمال ميكانيك 73",3,عدد,350,1050,أعمال أخرى,20,1
284,سكن العاملين تركيب طبات تسليك ارضية 75مم,"أعمال ميكانيك 74",6,عدد,350,2100,أعمال أخرى,20,1
285,سكن العاملين تركيب طبات تسليك ارضية 110مم,"أعمال ميكانيك 75",3,عدد,350,1050,أعمال أخرى,20,1
286,سكن العاملين تركيب انابيب بلاستيك أ,"أعمال ميكانيك 76",20,مط,160,3200,أعمال أخرى,20,1
287,سكن العاملين تركيب انابيب بلاستيك ب,"أعمال ميكانيك 77",50,مط,110,5500,أعمال أخرى,20,3
288,سكن العاملين تركيب أنابيب بلاستيك ج,"أعمال ميكانيك 78",35,مط,70,2450,أعمال أخرى,20,2
289,سكن العاملين تركيب انابيب بلاستيك د,"أعمال ميكانيك 79",25,مط,60,1500,أعمال أخرى,20,2
290,سكن العاملين تركيب انابيب بلاستيك ه,"أعمال ميكانيك 80",50,مط,50,2500,أعمال أخرى,20,3
291,سكن العاملين تركيب صفاية مياه امطار,"أعمال ميكانيك 81",4,عدد,350,1400,أعمال أخرى,20,1
292,سكن العاملين تركيب انابيب بلاستيك 50 مم,"أعمال ميكانيك 82",25,مط,70,1750,أعمال أخرى,20,2
293,سكن العاملين تركيب انابيب بلاستيك 32 مم,"أعمال ميكانيك 83",30,مط,50,1500,أعمال أخرى,20,2
294,سكن العاملين تركيب انابيب بلاستيك 25 مم,"أعمال ميكانيك 84",20,مط,40,800,أعمال أخرى,20,1
295,سكن العاملين تركيب انابيب بلاستيك 20 مم,"أعمال ميكانيك 85",15,مط,35,525,أعمال أخرى,20,1
296,سكن العاملين سخان مياه كهربائى سعه 30 لتر,"أعمال ميكانيك 86",1,عدد,560,560,أعمال أخرى,20,1
297,سكن العاملين تركيب سخان مياه كهربائي 80 لتر,"أعمال ميكانيك 87",1,عدد,840,840,أعمال أخرى,20,1
298,سكن العاملين تركيب خزان علوي,"أعمال ميكانيك 88",2,عدد,3500,7000,أعمال أخرى,20,1
299,سكن العاملين تركيب محابس 50 ملم,"أعمال ميكانيك 89",1,عدد,350,350,أعمال أخرى,20,1
300,سكن العاملين تركيب محابس 25 ملم,"أعمال ميكانيك 90",1,عدد,350,350,أعمال أخرى,20,1
301,سكن العاملين تركيب مانع للمطرقة المائية,"أعمال ميكانيك 91",2,عدد,350,700,أعمال أخرى,20,1
302,سكن العاملين اعمال مكافحة الحريق,"أعمال ميكانيك 92",4,عدد,3500,14000,أعمال أخرى,20,1
303,سكن العاملين تركيب مواسير 80 مم,"أعمال ميكانيك 93",12,مط,100,1200,أعمال أخرى,20,1
304,سكن العاملين تركيب مواسير 65 مم,"أعمال ميكانيك 94",6,مط,100,600,أعمال أخرى,20,1
305,سكن العاملين تركيب مساليب واكواع,"أعمال ميكانيك 95",5,مط,140,700,أعمال أخرى,20,1
306,سكن العاملين تركيب طفايات حريق,"أعمال ميكانيك 96",2,عدد,840,1680,أعمال أخرى,20,1
307,مبنى العيادة تركيب مكيف 18000 وحدة,"أعمال ميكانيك 97",3,عدد,5600,16800,أعمال أخرى,20,1
308,مبنى العيادة تركيب مروحة شفط هواء 50 لتر,"أعمال ميكانيك 98",3,عدد,700,2100,أعمال أخرى,20,1
309,مبنى العيادة تركيب مروحة شفط هواء 150 لتر,"أعمال ميكانيك 99",3,عدد,2500,7500,أعمال أخرى,20,1
310,مبنى العيادة تركيب الاجهزة الصحية,"أعمال ميكانيك 100",3,عدد,700,2100,أعمال أخرى,20,1
311,مبنى العيادة تركيب كرسى مرحاض,"أعمال ميكانيك 101",3,عدد,700,2100,أعمال أخرى,20,1
312,مبنى العيادة تركيب حامل مناديل ورقية,"أعمال ميكانيك 102",3,عدد,205,615,أعمال أخرى,20,1
313,مبنى العيادة تركيب مواسير بلاستيك أ,"أعمال ميكانيك 103",20,مط,160,3200,أعمال أخرى,20,1
314,مبنى العيادة تركيب مواسير بلاستيك ب,"أعمال ميكانيك 104",15,مط,120,1800,أعمال أخرى,20,1
315,مبنى العيادة تركيب مواسير بلاستيك ج,"أعمال ميكانيك 105",2,مط,70,140,أعمال أخرى,20,1
316,مبنى العيادة تركيب مواسير بلاستيك د,"أعمال ميكانيك 106",5,مط,35,175,أعمال أخرى,20,1
317,مبنى العيادة تركيب صفيات جرجوري,"أعمال ميكانيك 107",3,عدد,700,2100,أعمال أخرى,20,1
318,مبنى العيادة تركيب صفاية ارضية 75 مم,"أعمال ميكانيك 108",3,عدد,350,1050,أعمال أخرى,20,1
319,مبنى العيادة تركيب طبة تسليك 75 مم,"أعمال ميكانيك 109",3,عدد,350,1050,أعمال أخرى,20,1
320,مبنى العيادة تركيب طبة تسليك 110 مم,"أعمال ميكانيك 110",3,عدد,350,1050,أعمال أخرى,20,1
321,مبنى العيادة تركيب مواسير بلاستيك 25 مم,"أعمال ميكانيك 111",20,مط,40,800,أعمال أخرى,20,1
322,مبنى العيادة تركيب مواسير بلاستيك 20 مم,"أعمال ميكانيك 112",10,مط,40,400,أعمال أخرى,20,1
323,مبنى العيادة تركيب مواسير بلاستيك 32 مم,"أعمال ميكانيك 113",15,مط,50,750,أعمال أخرى,20,1
324,مبنى العيادة تركيب سخان مياه كهربائى 50 لتر,"أعمال ميكانيك 114",6,عدد,560,3360,أعمال أخرى,20,1
325,مبنى العيادة تركيب خزان مياه علوي,"أعمال ميكانيك 115",6,عدد,7000,42000,أعمال أخرى,20,1
326,مبنى العيادة محابس 25 ملم,"أعمال ميكانيك 116",6,عدد,350,2100,أعمال أخرى,20,1
327,مبنى العيادة تركيب مانع للمطرقة المائية,"أعمال ميكانيك 117",6,عدد,350,2100,أعمال أخرى,20,1
328,مبنى العيادة اعمال مكافحه الحريق,"أعمال ميكانيك 118",6,عدد,840,5040,أعمال أخرى,20,1
329,مبنى مستودع الاعلاف تركيب مروحه شفط هواء,"أعمال ميكانيك 119",11,عدد,48300,531300,أعمال أخرى,20,1
330,مبنى مستودع الاعلاف تركيب فتحات مصيدة الرمال,"أعمال ميكانيك 120",11,عدد,1400,15400,أعمال أخرى,20,1
331,مبنى مستودع الاعلاف تركيب أنابيب بلاستيك 110 مم,"أعمال ميكانيك 121",65,مط,160,10400,أعمال أخرى,20,4
332,مبنى مستودع الاعلاف تركيب صفيات مياه أمطار,"أعمال ميكانيك 122",4,عدد,700,2800,أعمال أخرى,20,1
333,مبنى مستودع الاعلاف تركيب صناديق لإطفاء الحريق,"أعمال ميكانيك 123",3,عدد,3500,10500,أعمال أخرى,20,1
334,مبنى مستودع الاعلاف تركيب مواسير لتغذية مياه الحريق,"أعمال ميكانيك 124",325,مط,70,22750,أعمال أخرى,20,17
335,مبنى مستودع الاعلاف تركيب مواسير 150 مم,"أعمال ميكانيك 125",185,مط,210,38850,أعمال أخرى,20,10
336,مبنى مستودع الاعلاف أختبار صمام,"أعمال ميكانيك 126",1,عدد,2450,2450,أعمال أخرى,20,1
337,مبنى مستودع الاعلاف صمام التحكم,"أعمال ميكانيك 127",1,عدد,4200,4200,أعمال أخرى,20,1
338,مبنى مستودع الاعلاف تركيب رشاش,"أعمال ميكانيك 128",211,عدد,35,7385,أعمال أخرى,20,11
339,مبنى مستودع الاعلاف تركيب وصلة دفاع مدنى,"أعمال ميكانيك 129",1,عدد,3500,3500,أعمال أخرى,20,1
340,مبنى مستودع الاعلاف تركيب طبليات,"أعمال ميكانيك 130",1,عدد,8400,8400,أعمال أخرى,20,1
341,الموقع العام تركيب لوحة تغذية حلقية,"أعمال كهرباء 1",1,عدد,87500,87500,أعمال كهربائية,20,1
342,الموقع العام تركيب محول كهربائى,"أعمال كهرباء 2",1,عدد,175000,175000,أعمال كهربائية,20,1
343,الموقع العام تركيب مولد كهرباء للطوارئ,"أعمال كهرباء 3",1,عدد,140000,140000,أعمال كهربائية,20,1
344,الموقع العام تركيب خزان وقود شهري,"أعمال كهرباء 4",1,عدد,42000,42000,أعمال كهربائية,20,1
345,الموقع العام تركيب موصلات الجهد المتوسط,"أعمال كهرباء 5",10,مط,168,1680,أعمال كهربائية,50,1
346,الموقع العام تركيب نظام ارضي للوحات الكهربائية,"أعمال كهرباء 6",1,عدد,35000,35000,أعمال كهربائية,20,1
347,الموقع العام تركيب نظام ارضي للوحات الكهربائية 5اوم,"أعمال كهرباء 7",1,عدد,35000,35000,أعمال كهربائية,20,1
348,الموقع العام تركيب لوحة عمومية للطوارئ,"أعمال كهرباء 8",1,عدد,59500,59500,أعمال كهربائية,20,1
349,الموقع العام تركيب لوحة عمومية للتشغيل الطبيعي,"أعمال كهرباء 9",1,عدد,38500,38500,أعمال كهربائية,20,1
350,الموقع العام تركيب مفتاح النقل الاوتوماتيكي,"أعمال كهرباء 10",1,عدد,38500,38500,أعمال كهربائية,20,1
351,الموقع العام تركيب لوحة توزيع الكهرباء,"أعمال كهرباء 11",1,عدد,24500,24500,أعمال كهربائية,20,1
352,الموقع العام تركيب لوحة توزيع الكهرباء العمومية,"أعمال كهرباء 12",1,عدد,16800,16800,أعمال كهربائية,20,1
353,الموقع العام تركيب كابل 150,"أعمال كهرباء 13",10,مط,300,3000,أعمال كهربائية,50,1
354,الموقع العام تركيب كابل 95,"أعمال كهرباء 14",65,مط,270,17550,أعمال كهربائية,50,2
355,الموقع العام تركيب كابل 50,"أعمال كهرباء 15",150,مط,100,15000,أعمال كهربائية,50,3
356,الموقع العام تركيب كابل 25,"أعمال كهرباء 16",150,مط,70,10500,أعمال كهربائية,50,3
357,الموقع العام تركيب كابل 16,"أعمال كهرباء 17",230,مط,70,16100,أعمال كهربائية,50,5
358,الموقع العام تركيب كابل 10,"أعمال كهرباء 18",230,مط,70,16100,أعمال كهربائية,50,5
359,الموقع العام تركيب كابل 6,"أعمال كهرباء 19",50,مط,70,3500,أعمال كهربائية,50,1
360,الموقع العام تركيب كابل 16 أ,"أعمال كهرباء 20",10,مط,70,700,أعمال كهربائية,50,1
361,الموقع العام تركيب مقبس دوبلكس,"أعمال كهرباء 21",4,عدد,140,560,أعمال كهربائية,20,1
362,الموقع العام تركيب مفتاح فصل وتشغيل,"أعمال كهرباء 22",4,عدد,140,560,أعمال كهربائية,20,1
363,الموقع العام تركيب مفتاح اتجاه واحد,"أعمال كهرباء 23",4,عدد,140,560,أعمال كهربائية,20,1
364,الموقع العام تركيب مخرج اناره,"أعمال كهرباء 24",17,عدد,70,1190,أعمال كهربائية,20,1
365,محطة الكهرباء بالوقع العام كشاف ليد بانل 120سم بالسقف,"أعمال كهرباء 25",4,عدد,105,420,أعمال كهربائية,20,1
366,محطة الكهرباء بالوقع العام كشاف ليد بانل 120سم بالحائط,"أعمال كهرباء 26",9,عدد,105,945,أعمال كهربائية,20,1
367,محطة الكهرباء بالوقع العام وحدة انارة عين بقرة 12 واط,"أعمال كهرباء 27",4,عدد,70,280,أعمال كهربائية,20,1
368,محطة الكهرباء بالوقع العام نظام الانذار المبكر للحريق,"أعمال كهرباء 28",14,عدد,210,2940,أعمال كهربائية,20,1
369,محطة الكهرباء بالوقع العام كاشف دخان,"أعمال كهرباء 29",3,عدد,350,1050,أعمال كهربائية,20,1
370,محطة الكهرباء بالوقع العام كاشف انذار حرارى,"أعمال كهرباء 30",1,عدد,350,350,أعمال كهربائية,20,1
371,محطة الكهرباء بالوقع العام وحدة كاسر زجاجى,"أعمال كهرباء 31",6,عدد,350,2100,أعمال كهربائية,20,1
372,محطة الكهرباء بالوقع العام جرس انذار,"أعمال كهرباء 32",2,عدد,350,700,أعمال كهربائية,20,1
373,محطة الكهرباء بالوقع العام جرس انذار وحدة مراقبة,"أعمال كهرباء 33",2,عدد,350,700,أعمال كهربائية,20,1
374,غرفة الحراسة تركيب لوحة توزيع الكهرباء,"أعمال كهرباء 34",1,عدد,16800,16800,أعمال كهربائية,20,1
375,غرفة الحراسة تركيب مقبس احادى الطور 16 امبير,"أعمال كهرباء 35",4,عدد,140,560,أعمال كهربائية,20,1
376,غرفة الحراسة تركيب مقبس احادى الطور 20 امبير,"أعمال كهرباء 36",1,عدد,140,140,أعمال كهربائية,20,1
377,غرفة الحراسة تركيب مقبس احادى الطور 25 امبير,"أعمال كهرباء 37",1,عدد,140,140,أعمال كهربائية,20,1
378,غرفة الحراسة تركيب مقبس احادى الطور 10 امبير,"أعمال كهرباء 38",1,عدد,140,140,أعمال كهربائية,20,1
379,غرفة الحراسة تركيب مقبس احادى الطور 10 امبير أ,"أعمال كهرباء 39",1,عدد,140,140,أعمال كهربائية,20,1
380,غرفة الحراسة تركيب مخرج انارة,"أعمال كهرباء 40",4,عدد,70,280,أعمال كهربائية,20,1
381,غرفة الحراسة تركيب كشاف ليد بانل,"أعمال كهرباء 41",2,عدد,105,210,أعمال كهربائية,20,1
382,غرفة الحراسة تركيب سبوت ليد,"أعمال كهرباء 42",1,عدد,70,70,أعمال كهربائية,20,1
383,غرفة الحراسة تركيب مخرج حريق,"أعمال كهرباء 43",3,عدد,210,630,أعمال كهربائية,20,1
384,غرفة الحراسة تركيب وحدة كاسر زجاجى,"أعمال كهرباء 44",1,عدد,350,350,أعمال كهربائية,20,1
385,غرفة الحراسة تركيب جرس انذار,"أعمال كهرباء 45",1,عدد,350,350,أعمال كهربائية,20,1
386,غرفة الحراسة تركيب كاشف انذار,"أعمال كهرباء 46",1,عدد,350,350,أعمال كهربائية,20,1
387,غرفة الحراسة تركيب لوحة تكرارية,"أعمال كهرباء 47",1,عدد,700,700,أعمال كهربائية,20,1
388,غرفة المضخة تركيب لوحة توزيع الكهرباء,"أعمال كهرباء 48",1,عدد,16800,16800,أعمال كهربائية,20,1
389,غرفة المضخة تركيب كابل 4,"أعمال كهرباء 49",30,مط,70,2100,أعمال كهربائية,50,1
390,غرفة المضخة تركيب كابل 10,"أعمال كهرباء 50",5,مط,70,350,أعمال كهربائية,50,1
391,غرفة المضخة تركيب كابل 185,"أعمال كهرباء 51",5,مط,336,1680,أعمال كهربائية,50,1
392,غرفة المضخة تركيب مقبس احادي الطور 16 امبير,"أعمال كهرباء 52",4,عدد,140,560,أعمال كهربائية,20,1
393,غرفة المضخة تركيب مقبس احادي الطور 20 امبير,"أعمال كهرباء 53",3,عدد,140,420,أعمال كهربائية,20,1
394,غرفة المضخة تركيب مقبس احادي الطور 40 امبير,"أعمال كهرباء 54",1,عدد,140,140,أعمال كهربائية,20,1
395,غرفة المضخة تركيب مقبس احادي الطور 40 امبير مضاد للمياه,"أعمال كهرباء 55",1,عدد,140,140,أعمال كهربائية,20,1
396,غرفة المضخة تركيب مقبس احادي الطور 10 امبير مضاد للمياه,"أعمال كهرباء 56",1,عدد,140,140,أعمال كهربائية,20,1
397,غرفة المضخة تركيب مخرج انارة,"أعمال كهرباء 57",5,عدد,70,350,أعمال كهربائية,20,1
398,غرفة المضخة تركيب كشاف ليد بانل,"أعمال كهرباء 58",4,عدد,105,420,أعمال كهربائية,20,1
399,سكن العمال تركيب أنظمة اللوحات الكهربائية,"أعمال كهرباء 59",2,عدد,17500,35000,أعمال كهربائية,20,1
400,سكن العمال تركيب أنظمة التيار الخفيف,"أعمال كهرباء 60",2,عدد,17500,35000,أعمال كهربائية,20,1
401,سكن العمال لوحات توزيع,"أعمال كهرباء 61",1,عدد,8400,8400,أعمال كهربائية,20,1
402,سكن العمال تركيب كابلات الجهد المنخفض 35,"أعمال كهرباء 62",200,مط,266,53200,أعمال كهربائية,50,4
403,سكن العمال تركيب مقبس احادي الطور 16 امبير,"أعمال كهرباء 63",21,عدد,140,2940,أعمال كهربائية,20,2
404,سكن العمال مقيس احادى الطور 16,"أعمال كهرباء 64",12,عدد,140,1680,أعمال كهربائية,20,1
405,سكن العمال مقيس احادى الطور 32 امبير,"أعمال كهرباء 65",1,عدد,140,140,أعمال كهربائية,20,1
406,سكن العمال مقيس احادى الطور 20 امبير مقاوم للماء بدرجة حماية,"أعمال كهرباء 66",4,عدد,140,560,أعمال كهربائية,20,1
407,سكن العمال مفتاح الفصل والتشغيل للسخانات,"أعمال كهرباء 67",2,عدد,140,280,أعمال كهربائية,20,1
408,سكن العمال مفتاح الفصل والتشغيل للمغسلة,"أعمال كهرباء 68",4,عدد,140,560,أعمال كهربائية,20,1
409,سكن العمال مفتاح الفصل والتشغيل للتكيفات,"أعمال كهرباء 69",7,عدد,140,980,أعمال كهربائية,20,1
410,سكن العمال مفتاح التحكم اتجاه واحد 1 لقمة,"أعمال كهرباء 70",1,عدد,140,140,أعمال كهربائية,20,1
411,سكن العمال مفتاح التحكم اتجاه واحد 2 لقمة,"أعمال كهرباء 71",9,عدد,140,1260,أعمال كهربائية,20,1
412,سكن العمال مفتاح التحكم اتجاه واحد 2 لقمة مقاوم للعوامل الجوية,"أعمال كهرباء 72",4,عدد,140,560,أعمال كهربائية,20,1
413,سكن العمال تركيب مخرج الانارة,"أعمال كهرباء 73",201,عدد,70,14070,أعمال كهربائية,20,11
414,سكن العمال وحدة انارة سبوت دائرى 16 واط,"أعمال كهرباء 74",34,عدد,70,2380,أعمال كهربائية,20,2
415,سكن العمال وحدة انارة سبوت دائرى 12 واط,"أعمال كهرباء 75",10,عدد,70,700,أعمال كهربائية,20,1
416,سكن العمال وحدة انارة سبوت دائرى 7 واط,"أعمال كهرباء 76",114,عدد,70,7980,أعمال كهربائية,20,6
417,سكن العمال وحدة انارة سبوت دائرى 7 واط من النوع المقاوم للعوامل الجويه,"أعمال كهرباء 77",29,عدد,70,2030,أعمال كهربائية,20,2
418,سكن العمال وحدة انارة سبوت دائرى 5 واط من النوع المقاوم للعوامل الجويه,"أعمال كهرباء 78",4,عدد,70,280,أعمال كهربائية,20,1
419,سكن العمال وحدة انارة عين بقرة 12 واط,"أعمال كهرباء 79",2,عدد,70,140,أعمال كهربائية,20,1
420,سكن العمال تركيب نظام الانذار المبكر للحريق,"أعمال كهرباء 80",38,عدد,210,7980,أعمال كهربائية,20,2
421,سكن العمال تركيب كاشف دخان,"أعمال كهرباء 81",22,عدد,350,7700,أعمال كهربائية,20,2
422,سكن العمال تركيب كاشف انذار حرارى,"أعمال كهرباء 82",4,عدد,350,1400,أعمال كهربائية,20,1
423,سكن العمال تركيب وحدة كاسر زجاجى,"أعمال كهرباء 83",4,عدد,350,1400,أعمال كهربائية,20,1
424,سكن العمال تركيب جرس انذار,"أعمال كهرباء 84",4,عدد,350,1400,أعمال كهربائية,20,1
425,سكن العمال تركيب وحدة تحكم,"أعمال كهرباء 85",4,عدد,350,1400,أعمال كهربائية,20,1
426,سكن العمال تركيب لوحة توزيع الياف ضوئية,"أعمال كهرباء 86",2,عدد,4200,8400,أعمال كهربائية,20,1
427,سكن العمال تركيب سويتش,"أعمال كهرباء 87",2,عدد,24500,49000,أعمال كهربائية,20,1
428,سكن العمال تركيب لوحة توزيع,"أعمال كهرباء 88",2,عدد,24500,49000,أعمال كهربائية,20,1
429,سكن العمال تركيب كابينة البيانات,"أعمال كهرباء 89",2,عدد,4200,8400,أعمال كهربائية,20,1
430,سكن العمال تركيب كرد التوصيل 1 متر,"أعمال كهرباء 90",48,عدد,70,3360,أعمال كهربائية,20,3
431,سكن العمال تركيب كرد التوصيل 3 متر,"أعمال كهرباء 91",48,عدد,210,10080,أعمال كهربائية,20,3
432,سكن العمال تركيب وحدات نقاط لاسلكية,"أعمال كهرباء 92",4,عدد,840,3360,أعمال كهربائية,20,1
433,سكن العمال تركيب مأخذ وحدة ادخال بيانات,"أعمال كهرباء 93",12,عدد,350,4200,أعمال كهربائية,20,1
434,سكن العمال مخرج وحدة تليفونات,"أعمال كهرباء 94",7,عدد,350,2450,أعمال كهربائية,20,1
435,سكن العمال تركيب مأخذ وحدة تليفون,"أعمال كهرباء 95",16,عدد,350,5600,أعمال كهربائية,20,1
436,سكن العمال مأخذ وحدة تليفون من النوع المقاوم,"أعمال كهرباء 96",1,عدد,350,350,أعمال كهربائية,20,1
437,سكن العمال تركيب مخرج وحدة ادخال بيانات,"أعمال كهرباء 97",32,عدد,350,11200,أعمال كهربائية,20,2
438,سكن العمال كاميرا مراقبة ملونة خارجية,"أعمال كهرباء 98",2,عدد,2450,4900,أعمال كهربائية,20,1
439,سكن العمال تركيب كاميرا مراقبة ملونة داخلية,"أعمال كهرباء 99",4,عدد,2450,9800,أعمال كهربائية,20,1
440,سكن العمال تركيب مخرج كاميرا,"أعمال كهرباء 100",4,عدد,210,840,أعمال كهربائية,20,1
441,سكن العمال تركيب نظام تليفون,"أعمال كهرباء 101",2,عدد,70000,140000,أعمال كهربائية,20,1
442,مبنى العيادة تركيب نظام أرضي,"أعمال كهرباء 102",1,عدد,17500,17500,أعمال كهربائية,20,1
443,مبنى العيادة تركيب لوحات توزيع الانارة,"أعمال كهرباء 103",1,عدد,16800,16800,أعمال كهربائية,20,1
444,مبنى العيادة تركيب مقبس احادي الطور,"أعمال كهرباء 104",4,عدد,140,560,أعمال كهربائية,20,1
445,مبنى العيادة مقبس احادى الطور20A,"أعمال كهرباء 105",3,عدد,140,420,أعمال كهربائية,20,1
446,مبنى العيادة تركيب مفتاح فصل وتشغيل 25 امبير,"أعمال كهرباء 106",1,عدد,140,140,أعمال كهربائية,20,1
447,مبنى العيادة تركيب مفتاح فصل وتشغيل 20 امبير,"أعمال كهرباء 107",1,عدد,140,140,أعمال كهربائية,20,1
448,مبنى العيادة تركيب مفتاح اتجاه واحد 1 لقمة 10 امبير,"أعمال كهرباء 108",1,عدد,140,140,أعمال كهربائية,20,1
449,مبنى العيادة تركيب مخرج انارة,"أعمال كهرباء 109",10,عدد,70,700,أعمال كهربائية,20,1
450,مبنى العيادة تركيب كشاف ليد بانل,"أعمال كهرباء 110",3,عدد,105,315,أعمال كهربائية,20,1
451,مبنى العيادة تركيب وحدة انارة سبوت دائرى,"أعمال كهرباء 111",4,عدد,70,280,أعمال كهربائية,20,1
452,مبنى العيادة تركيب مخرج حريق,"أعمال كهرباء 112",4,عدد,210,840,أعمال كهربائية,20,1
453,مبنى العيادة تركيب كاشف انذار دخان,"أعمال كهرباء 113",2,عدد,350,700,أعمال كهربائية,20,1
454,مبنى العيادة تركيب وحدة ادخال بيانات,"أعمال كهرباء 114",3,عدد,350,1050,أعمال كهربائية,20,1
455,مبنى العيادة تركيب وحدة تليفون,"أعمال كهرباء 115",3,عدد,350,1050,أعمال كهربائية,20,1
456,مبنى العيادة تركيب مخرج وحدة بيانات او تليفون,"أعمال كهرباء 116",3,عدد,350,1050,أعمال كهربائية,20,1
457,مخزن الاعلاف تركيب لوحة توزيع 1,"أعمال كهرباء 117",2,عدد,8400,16800,أعمال كهربائية,20,1
458,مخزن الاعلاف تركيب لوحة توزيع 2,"أعمال كهرباء 118",2,عدد,8400,16800,أعمال كهربائية,20,1
459,مخزن الاعلاف تركيب مقبس احادي الطور,"أعمال كهرباء 119",74,عدد,140,10360,أعمال كهربائية,20,4
460,مخزن الاعلاف تركيب مفتاح فصل وتشغيل,"أعمال كهرباء 120",22,عدد,140,3080,أعمال كهربائية,20,2
461,مخزن الاعلاف تركيب مفتاح اتجاه واحد,"أعمال كهرباء 121",16,عدد,140,2240,أعمال كهربائية,20,1
462,مخزن الاعلاف تركيب مخارج الانارة,"أعمال كهرباء 122",68,عدد,70,4760,أعمال كهربائية,20,4
463,مخزن الاعلاف تركيب كشاف ليد,"أعمال كهرباء 123",68,عدد,300,20400,أعمال كهربائية,20,4
464,مخزن الاعلاف تركيب مخرج حريق,"أعمال كهرباء 124",18,عدد,225,4050,أعمال كهربائية,20,1
465,مخزن الاعلاف تركيب كاسر زجاجى,"أعمال كهرباء 125",6,عدد,375,2250,أعمال كهربائية,20,1
466,مخزن الاعلاف تركيب جرس إنذار,"أعمال كهرباء 126",6,عدد,375,2250,أعمال كهربائية,20,1
467,مخزن الأعلاف تركيب كاشف اشعاعي,"أعمال كهرباء 127",6,عدد,2250,13500,أعمال كهربائية,20,1
468,شاشة ملونة,"أعمال كهرباء 128",1,عدد,6750,6750,أعمال كهربائية,20,1
469,مسجل فيديو للشبكة,"أعمال كهرباء 129",1,عدد,48750,48750,أعمال كهربائية,20,1